Model,MCC_train,MCC_val
AdaBoost Classifier,0.23372583562867572,0.23742056408034865
Extra Trees Classifier,0.9869383650915425,0.9761874275258519
