Model,MCC_train,MCC_test
Dummy Classifier,0.0,0.0
Logistic Regression,0.4814379924453498,0.4811767113401799
XGBClassifier,0.9812258630223114,0.9798944222933721
