Model,MCC_train,MCC_test
Dummy Classifier,0.0,0.0
Logistic Regression,0.4818733884073294,0.4718180971098021
XGBClassifier,0.9863354598812126,0.9777040250135468
