Model,MCC_train,MCC_val
Extra Trees Classifier,0.9742880973940539,0.9741776846479555
